<?xml version="1.0" encoding="UTF-8"?>
<beans xmlns="http://www.springframework.org/schema/beans"
       xmlns:xsi="http://www.w3.org/2001/XMLSchema-instance"
       xmlns:context="http://www.springframework.org/schema/context"
       xsi:schemaLocation="http://www.springframework.org/schema/beans
    http://www.springframework.org/schema/beans/spring-beans.xsd
    http://www.springframework.org/schema/context
    http://www.springframework.org/schema/context/spring-context.xsd">
    <context:property-placeholder location="classpath:myApp.properties"/>
    <bean id="myPet"
          class="org.example.start.Cat">
    </bean>
    <bean id="myPerson"
          class="org.example.start.Person">
        <property name="pet" ref="myPet"/>
        <property name="name" value="${person.name}"/>
        <property name="age" value="${person.age}"/>
    </bean>


</beans>
